{
  "challenge_name": "50 USDT Growth Challenge",
  "version": "2.1",
  "created_date": "2025-09-13",
  "updated_date": "2025-09-13T11:55:00Z",
  
  "capital_management": {
    "initial_capital": 50.0,
    "current_capital": 50.0,
    "target_capital": 600.0,
    "growth_target_multiplier": 12.0,
    "currency": "USDT",
    "min_trade_amount": 5.0,
    "max_trade_amount": 15.0
  },
  
  "risk_management": {
    "max_risk_per_trade": 0.15,
    "daily_loss_limit": 0.05,
    "max_drawdown": 0.20,
    "stop_loss_percentage": 0.08,
    "take_profit_percentage": 0.12,
    "position_sizing": "dynamic",
    "risk_reward_ratio": 1.5
  },
  
  "trading_parameters": {
    "trading_pairs": [
      "BTCUSDT",
      "ETHUSDT", 
      "ADAUSDT",
      "SOLUSDT",
      "DOTUSDT",
      "LINKUSDT",
      "AVAXUSDT",
      "MATICUSDT"
    ],
    "timeframes": ["1m", "5m", "15m"],
    "max_concurrent_trades": 3,
    "min_profit_threshold": 0.02,
    "slippage_tolerance": 0.001
  },
  
  "strategy_config": {
    "primary_strategy": "enhanced_momentum",
    "secondary_strategy": "mean_reversion",
    "ai_confidence_threshold": 0.75,
    "signal_strength_min": 0.6,
    "market_condition_filter": true,
    "volatility_adjustment": true
  },
  
  "phases": [
    {
      "phase": 1,
      "name": "Aggressive Growth",
      "capital_range": [50, 100],
      "risk_level": 0.15,
      "target_daily_return": 0.025,
      "max_trades_per_day": 25,
      "strategy_focus": "momentum_scalping"
    },
    {
      "phase": 2,
      "name": "Steady Expansion", 
      "capital_range": [100, 200],
      "risk_level": 0.12,
      "target_daily_return": 0.02,
      "max_trades_per_day": 20,
      "strategy_focus": "trend_following"
    },
    {
      "phase": 3,
      "name": "Compound Growth",
      "capital_range": [200, 400],
      "risk_level": 0.10,
      "target_daily_return": 0.015,
      "max_trades_per_day": 15,
      "strategy_focus": "balanced_portfolio"
    },
    {
      "phase": 4,
      "name": "Target Achievement",
      "capital_range": [400, 600],
      "risk_level": 0.08,
      "target_daily_return": 0.012,
      "max_trades_per_day": 12,
      "strategy_focus": "capital_preservation"
    }
  ],
  
  "monitoring": {
    "performance_tracking": true,
    "real_time_alerts": true,
    "daily_reports": true,
    "risk_alerts": true,
    "profit_notifications": true,
    "telegram_integration": true
  },
  
  "api_settings": {
    "exchange": "binance",
    "environment": "mainnet",
    "rate_limit_buffer": 0.8,
    "retry_attempts": 3,
    "timeout_seconds": 10
  },
  
  "advanced_features": {
    "ai_market_analysis": true,
    "sentiment_analysis": true,
    "technical_indicators": [
      "RSI",
      "MACD", 
      "Bollinger_Bands",
      "EMA_Cross",
      "Volume_Profile"
    ],
    "machine_learning": true,
    "pattern_recognition": true,
    "news_sentiment": false
  },
  
  "security": {
    "encryption_enabled": true,
    "api_key_rotation": false,
    "ip_whitelist": [],
    "two_factor_auth": false,
    "audit_logging": true
  },
  
  "performance_targets": {
    "weekly_roi": 0.15,
    "monthly_roi": 0.60,
    "quarterly_roi": 2.40,
    "annual_roi": 12.00,
    "max_acceptable_drawdown": 0.15,
    "min_win_rate": 0.60,
    "min_profit_factor": 1.5
  },
  
  "emergency_controls": {
    "emergency_stop": true,
    "max_consecutive_losses": 5,
    "circuit_breaker_loss": 0.10,
    "auto_pause_on_drawdown": true,
    "manual_override": true
  }
}

