{
  "audit_timestamp": "2025-09-11T23:14:06.131161",
  "system_version": "AurumBotX v3.0",
  "audit_version": "1.0",
  "tests_performed": [
    "Security Module Imports",
    "Wallet Manager Functionality",
    "Encryption Systems",
    "Database Connections",
    "API Endpoints",
    "File Permissions",
    "Network Security"
  ],
  "security_status": "AUDIT_COMPLETED",
  "recommendations": [
    "Monitor API server connectivity",
    "Verify VPN integration",
    "Test MetaMask integration in production",
    "Implement additional monitoring"
  ]
}