{
  "strategy_info": {
    "name": "Scalping_AI_Enhanced",
    "key": "scalping_ai",
    "version": "2.2",
    "created": "2025-09-14T03:23:50.633179"
  },
  "capital_management": {
    "total_capital": 55.51,
    "allocated_capital": 11.102,
    "allocation_percentage": 20.0,
    "max_position_size": 0.8,
    "min_position_size": 0.2
  },
  "strategy_parameters": {
    "expected_return": 0.03,
    "risk_level": 0.25,
    "confidence_threshold": 0.75,
    "stop_loss": 0.125,
    "take_profit": 0.045
  },
  "execution": {
    "frequency_seconds": 180,
    "max_concurrent_positions": 3,
    "order_type": "market",
    "slippage_tolerance": 0.1
  },
  "risk_management": {
    "max_daily_loss": 0.020000000000000004,
    "max_drawdown": 0.15,
    "correlation_limit": 0.7,
    "emergency_stop": true
  }
}