{
  "strategy_info": {
    "name": "Momentum_Rider",
    "key": "momentum_rider",
    "version": "2.2",
    "created": "2025-09-14T03:24:00.639488"
  },
  "capital_management": {
    "total_capital": 55.51,
    "allocated_capital": 2.7755,
    "allocation_percentage": 5.0,
    "max_position_size": 0.8,
    "min_position_size": 0.2
  },
  "strategy_parameters": {
    "expected_return": 0.12,
    "risk_level": 0.4,
    "confidence_threshold": 0.8,
    "stop_loss": 0.2,
    "take_profit": 0.18
  },
  "execution": {
    "frequency_seconds": 2700,
    "max_concurrent_positions": 3,
    "order_type": "market",
    "slippage_tolerance": 0.1
  },
  "risk_management": {
    "max_daily_loss": 0.005000000000000001,
    "max_drawdown": 0.15,
    "correlation_limit": 0.7,
    "emergency_stop": true
  }
}