{
  "strategy_info": {
    "name": "Mean_Reversion_Pro",
    "key": "mean_reversion",
    "version": "2.2",
    "created": "2025-09-14T03:23:58.638297"
  },
  "capital_management": {
    "total_capital": 55.51,
    "allocated_capital": 4.4408,
    "allocation_percentage": 8.0,
    "max_position_size": 0.8,
    "min_position_size": 0.2
  },
  "strategy_parameters": {
    "expected_return": 0.08,
    "risk_level": 0.3,
    "confidence_threshold": 0.72,
    "stop_loss": 0.15,
    "take_profit": 0.12
  },
  "execution": {
    "frequency_seconds": 1200,
    "max_concurrent_positions": 3,
    "order_type": "market",
    "slippage_tolerance": 0.1
  },
  "risk_management": {
    "max_daily_loss": 0.008,
    "max_drawdown": 0.15,
    "correlation_limit": 0.7,
    "emergency_stop": true
  }
}