{
  "strategy_info": {
    "name": "News_Reaction_Trading",
    "key": "news_reaction",
    "version": "2.2",
    "created": "2025-09-14T03:24:02.640585"
  },
  "capital_management": {
    "total_capital": 55.51,
    "allocated_capital": 1.1102,
    "allocation_percentage": 2.0,
    "max_position_size": 0.8,
    "min_position_size": 0.2
  },
  "strategy_parameters": {
    "expected_return": 0.22,
    "risk_level": 0.7,
    "confidence_threshold": 0.9,
    "stop_loss": 0.35,
    "take_profit": 0.33
  },
  "execution": {
    "frequency_seconds": 3600,
    "max_concurrent_positions": 3,
    "order_type": "market",
    "slippage_tolerance": 0.1
  },
  "risk_management": {
    "max_daily_loss": 0.002,
    "max_drawdown": 0.15,
    "correlation_limit": 0.7,
    "emergency_stop": true
  }
}