{
  "strategy_info": {
    "name": "AI_Consensus_Strategy",
    "key": "ai_consensus",
    "version": "2.2",
    "created": "2025-09-14T03:23:48.631867"
  },
  "capital_management": {
    "total_capital": 55.51,
    "allocated_capital": 13.8775,
    "allocation_percentage": 25.0,
    "max_position_size": 0.8,
    "min_position_size": 0.2
  },
  "strategy_parameters": {
    "expected_return": 0.14,
    "risk_level": 0.45,
    "confidence_threshold": 0.82,
    "stop_loss": 0.225,
    "take_profit": 0.21000000000000002
  },
  "execution": {
    "frequency_seconds": 900,
    "max_concurrent_positions": 3,
    "order_type": "market",
    "slippage_tolerance": 0.1
  },
  "risk_management": {
    "max_daily_loss": 0.025,
    "max_drawdown": 0.15,
    "correlation_limit": 0.7,
    "emergency_stop": true
  }
}